<?xml version="1.0" encoding="UTF-8"?>
<project-private xmlns="http://www.netbeans.org/ns/project-private/1">
    <editor-bookmarks xmlns="http://www.netbeans.org/ns/editor-bookmarks/2" lastBookmarkId="0"/>
    <open-files xmlns="http://www.netbeans.org/ns/projectui-open-files/2">
        <group>
            <file>file:/C:/Users/modhu/Downloads/Hotel_Management_System/Hotel_Management_System/src/JFrame/HomePage.java</file>
            <file>file:/C:/Users/modhu/Downloads/Hotel_Management_System/Hotel_Management_System/src/JFrame/ManageRoomAD.java</file>
            <file>file:/C:/Users/modhu/Downloads/Hotel_Management_System/Hotel_Management_System/src/JFrame/HomePageAD.java</file>
            <file>file:/C:/Users/modhu/Downloads/Hotel_Management_System/Hotel_Management_System/src/JFrame/LogIn.java</file>
        </group>
    </open-files>
</project-private>
